locus_id	tree_scope	lineage_filter	clade_rank	node	side	lineage	bootstrap	n_tips	n_modern_haplotype_types	n_modern_haplotype_copies	n_archaic_tips	modern_haplotypes	archaic_references	family_ids	clade_pass	rule	interpretation
rs12405323	region_common_unfiltered_lineage	Denisovan	1	N74	descendant	Denisovan	90	10	8	262	2	H19,H28,H41,H49,H5,H61,H66,H75	Denisova,Denisova25	F0001_Denisovan,F0002_Neanderthal	1	unfiltered_region_common_tree;bootstrap>=70;modern_types>=2	tree_supported_archaic_affinity_not_outgroup_or_anchor_filtered
rs12405323	region_common_unfiltered_lineage	Neanderthal	1	N75	descendant	Neanderthal	100	15	12	581	3	H11,H32,H36,H4,H42,H43,H62,H67,H68,H7,H8,H9	Altai,Chagyr,Vindija	F0001_Denisovan,F0002_Neanderthal	1	unfiltered_region_common_tree;bootstrap>=70;modern_types>=2	tree_supported_archaic_affinity_not_outgroup_or_anchor_filtered
rs12405323	region_common_unfiltered_lineage	Neanderthal	2	N8	complement	Neanderthal	87	70	67	3258	3	H1,H10,H11,H12,H13,H14,H15,H16,H17,H18,H2,H20,H21,H22,H23,H24,H25,H26,H27,H29,H3,H30,H31,H32,H33,H34,H35,H36,H37,H38,H39,H4,H40,H42,H43,H44,H45,H46,H47,H48,H50,H51,H52,H53,H54,H55,H56,H57,H58,H59,H6,H60,H62,H63,H64,H65,H67,H68,H69,H7,H70,H71,H72,H73,H74,H8,H9	Altai,Chagyr,Vindija	F0001_Denisovan,F0002_Neanderthal	1	unfiltered_region_common_tree;bootstrap>=70;modern_types>=2	tree_supported_archaic_affinity_not_outgroup_or_anchor_filtered
rs12405323	region_common_unfiltered_lineage	Neanderthal	3	N76	descendant	Neanderthal	85	69	66	3246	3	H1,H10,H11,H12,H13,H14,H15,H16,H17,H18,H2,H20,H21,H22,H23,H24,H25,H26,H27,H29,H3,H30,H31,H32,H33,H34,H35,H36,H37,H38,H39,H4,H40,H42,H43,H44,H45,H46,H47,H48,H50,H51,H52,H53,H54,H55,H56,H57,H58,H59,H6,H60,H62,H63,H64,H67,H68,H69,H7,H70,H71,H72,H73,H74,H8,H9	Altai,Chagyr,Vindija	F0001_Denisovan,F0002_Neanderthal	1	unfiltered_region_common_tree;bootstrap>=70;modern_types>=2	tree_supported_archaic_affinity_not_outgroup_or_anchor_filtered
rs12405323	region_common_unfiltered_lineage	Neanderthal	4	N74	descendant	Neanderthal	31	13	12	581	1	H11,H32,H36,H4,H42,H43,H62,H67,H68,H7,H8,H9	Vindija	F0001_Denisovan,F0002_Neanderthal	0	unfiltered_region_common_tree;bootstrap>=70;modern_types>=2	tree_supported_archaic_affinity_not_outgroup_or_anchor_filtered
rs12405323	region_common_unfiltered_all_archaic	ALL	1	N67	descendant	Neanderthal	100	15	12	581	3	H11,H32,H36,H4,H42,H43,H62,H67,H68,H7,H8,H9	Altai,Chagyr,Vindija	F0001_Denisovan,F0002_Neanderthal	1	unfiltered_region_common_tree;bootstrap>=70;modern_types>=2	tree_supported_archaic_affinity_not_outgroup_or_anchor_filtered
rs12405323	region_common_unfiltered_all_archaic	ALL	2	N78	complement	Neanderthal	89	70	67	3258	3	H1,H10,H11,H12,H13,H14,H15,H16,H17,H18,H2,H20,H21,H22,H23,H24,H25,H26,H27,H29,H3,H30,H31,H32,H33,H34,H35,H36,H37,H38,H39,H4,H40,H42,H43,H44,H45,H46,H47,H48,H50,H51,H52,H53,H54,H55,H56,H57,H58,H59,H6,H60,H62,H63,H64,H65,H67,H68,H69,H7,H70,H71,H72,H73,H74,H8,H9	Altai,Chagyr,Vindija	F0001_Denisovan,F0002_Neanderthal	1	unfiltered_region_common_tree;bootstrap>=70;modern_types>=2	tree_supported_archaic_affinity_not_outgroup_or_anchor_filtered
rs12405323	region_common_unfiltered_all_archaic	ALL	3	N77	descendant	Denisovan	82	10	8	262	2	H19,H28,H41,H49,H5,H61,H66,H75	Denisova,Denisova25	F0001_Denisovan,F0002_Neanderthal	1	unfiltered_region_common_tree;bootstrap>=70;modern_types>=2	tree_supported_archaic_affinity_not_outgroup_or_anchor_filtered
rs12405323	region_common_unfiltered_all_archaic	ALL	4	N68	descendant	Neanderthal	63	69	66	3246	3	H1,H10,H11,H12,H13,H14,H15,H16,H17,H18,H2,H20,H21,H22,H23,H24,H25,H26,H27,H29,H3,H30,H31,H32,H33,H34,H35,H36,H37,H38,H39,H4,H40,H42,H43,H44,H45,H46,H47,H48,H50,H51,H52,H53,H54,H55,H56,H57,H58,H59,H6,H60,H62,H63,H64,H67,H68,H69,H7,H70,H71,H72,H73,H74,H8,H9	Altai,Chagyr,Vindija	F0001_Denisovan,F0002_Neanderthal	0	unfiltered_region_common_tree;bootstrap>=70;modern_types>=2	tree_supported_archaic_affinity_not_outgroup_or_anchor_filtered
rs12405323	region_common_unfiltered_all_archaic	ALL	5	N66	descendant	Neanderthal	55	14	12	581	2	H11,H32,H36,H4,H42,H43,H62,H67,H68,H7,H8,H9	Altai,Chagyr	F0001_Denisovan,F0002_Neanderthal	0	unfiltered_region_common_tree;bootstrap>=70;modern_types>=2	tree_supported_archaic_affinity_not_outgroup_or_anchor_filtered
